Array Size,Time (s),Memory (KB)
10000,0.023730039596557617,3.6015625
100000,0.24722504615783691,4.53125
1000000,2.415691375732422,6.0625
10000000,31.716476917266846,7.59375
