Array Size,Time (s),Memory (KB)
10000,0.029899120330810547,3.9453125
100000,0.29098033905029297,4.78125
1000000,3.9309096336364746,6.0
10000000,46.62909507751465,7.59375
