Array Size,Time (s),Memory (KB)
10000,0.010418176651000977,3.1875
100000,0.06908488273620605,2.9375
1000000,0.6712327003479004,3.03125
10000000,7.009637355804443,2.21875
