Array Size,Time (s),Memory (KB)
10000,0.006093025207519531,2.03125
100000,0.03690052032470703,2.4375
1000000,0.5732614994049072,3.25
10000000,3.1227476596832275,2.40625
