Array Size,Time (s),Memory (KB)
10000,0.021688222885131836,3.6015625
100000,0.22572755813598633,4.75
1000000,2.245959520339966,6.0625
10000000,28.729133129119873,7.375
