Array Size,Time (s),Memory (KB)
10000,0.008081912994384766,2.21875
100000,0.033129215240478516,3.15625
1000000,0.5021626949310303,3.5625
10000000,5.014993906021118,3.8125
